,L,gs_time,sf_time
0,8,0.028580427169799805,0.0
1,12,0.0032362937927246094,0.0
2,16,0.041608572006225586,0.0
3,20,1.0107851028442383,0.0
4,24,26.321470499038696,0.0